Ссылка;Наименование;Артикул;"Цена	руб.";Изображение;Прочее
http://www.kengurubags.ru/catalog/1284_Silva_Ryukzak_molodezhniy;"Рюкзак молодежный 1284 Сильва";"Рюкзак молодежный 1284 Сильва";706;http://www.kengurubags.ru/kenguruimages/15/1284.jpg;"Производитель:Серебряный Пик (Уфа); Вес(кг):0.4"	
http://www.kengurubags.ru/catalog/1131_SP-B_Monblanv_Ranets_molodezhniy_tekstil;"Монблан Ранец молодежный 1131 SP-B";"Монблан Ранец молодежный 1131 SP-B";715;http://www.kengurubags.ru/kenguruimages/15/15-2/1131.JPG;"Производитель:Серебряный Пик (Уфа)"	
http://www.kengurubags.ru/catalog/1082_SP-B_Navigatorv_Ranets_shkolniy_tekstil;"1082 SP-B Навигатор Ранец школьный (текстиль)";"1082 SP-B Навигатор Ранец школьный (текстиль)";622;http://www.kengurubags.ru/kenguruimages/15/15-2/1082.png;"Производитель:Серебряный Пик (Уфа)"	
http://www.kengurubags.ru/catalog/1280_SP_Silvav_ryukzak_molodezhniy;"Рюкзак1280 СП СИЛЬВА";"Рюкзак1280 СП СИЛЬВА";489;http://www.kengurubags.ru/kenguruimages/15/15-2/1280_CP_Silva.jpg;"Производитель:Серебряный Пик (Уфа); Вес(кг):0.25"	
http://www.kengurubags.ru/catalog/1231_Kaskadv_Ryukzak;"Рюкзак 1231 Каскад";"Рюкзак 1231 Каскад";1030;http://www.kengurubags.ru/kenguruimages/15/15-2-2/1231_kaskad.jpg;"Производитель:Серебряный Пик (Уфа); Вес(кг):0.45"	
http://www.kengurubags.ru/catalog/1291_Avangardv_Ryukzak;"Рюкзак 1291 Авангард";"Рюкзак 1291 Авангард";1033;http://www.kengurubags.ru/kenguruimages/15/15-2-2/1291_Avangard.jpg;"Производитель:Серебряный Пик (Уфа); Вес(кг):0.5"	
http://www.kengurubags.ru/catalog/1301Liderv_Ryukzak;"Рюкзак 1301 Лидер";"Рюкзак 1301 Лидер";1113;http://www.kengurubags.ru/kenguruimages/15/15-2/1301.jpg;"Производитель:Серебряный Пик (Уфа)"	
http://www.kengurubags.ru/catalog/1290_Avangardv_Ryukzak;"Рюкзак 1290 Авангард";"Рюкзак 1290 Авангард";1129;http://www.kengurubags.ru/kenguruimages/15/1290.jpg;"Производитель:Серебряный Пик (Уфа); Вес(кг):0.53"	
http://www.kengurubags.ru/catalog/1064Pilot_Ryukzak;"1064/в Рюкзак";"1064/в Рюкзак";1155;http://www.kengurubags.ru/kenguruimages/15/15-2/1064.jpg;"Производитель:Серебряный Пик (Уфа)"	
http://www.kengurubags.ru/catalog/1247_Eyfel_Ryukzak;"Рюкзак 1247 Эйфель";"Рюкзак 1247 Эйфель";1296;http://www.kengurubags.ru/kenguruimages/15/15-2/1247.jpg;"Производитель:Серебряный Пик (Уфа)"	
http://www.kengurubags.ru/catalog/1130_SP-B_Monblan_Ryukzak;"Рюкзак 1130 SP-B Монблан";"Рюкзак 1130 SP-B Монблан";593;http://www.kengurubags.ru/kenguruimages/15/15-2/1130.jpg;"Производитель:Серебряный Пик (Уфа)"	
http://www.kengurubags.ru/catalog/1321_Basta_Ryukzak_molodezhniy;"Рюкзак молодежный 1321 Баста";"Рюкзак молодежный 1321 Баста";586;http://www.kengurubags.ru/kenguruimages/15/1321.jpg;"Производитель:Серебряный Пик (Уфа); Вес(кг):0.4"	
http://www.kengurubags.ru/catalog/1311Favoritv_Ryukzak;"Рюкзак 1311Фаворит";"Рюкзак 1311Фаворит";1035;http://www.kengurubags.ru/kenguruimages/15/15-2-2/1311_favorite.jpg;"Производитель:Серебряный Пик (Уфа); Вес(кг):0.6"	
http://www.kengurubags.ru/catalog/1310Favoritv_Ryukzak;"Рюкзак 1310Фаворит";"Рюкзак 1310Фаворит";847;http://www.kengurubags.ru/kenguruimages/15/15-2-2/1310favorit.JPG;"Производитель:Серебряный Пик (Уфа)"	
http://www.kengurubags.ru/catalog/1300Liderv_Ryukzak;"Рюкзак 1300 Лидер";"Рюкзак 1300 Лидер";1155;http://www.kengurubags.ru/kenguruimages/15/15-2/1300.JPG;"Производитель:Серебряный Пик (Уфа)"	
http://www.kengurubags.ru/catalog/R227_Ryukzak;"Р227 Рюкзак";"Р227 Рюкзак";423;http://www.kengurubags.ru/kenguruimages/15/227.jpg;"Производитель:Сарабелла (Сарапул)"	
http://www.kengurubags.ru/catalog/22146v_Ryukzak_Snoopy_YA_krut;"Рюкзак Snoopy 22146 ""Я крут!""";"Рюкзак Snoopy 22146 ""Я крут!""";550;http://www.kengurubags.ru/kenguruimages/15/15-1/22146.jpg;"Производитель:РОСМЭН (Москва); Вес(кг):0.4"	
http://www.kengurubags.ru/catalog/shr87_Ryukzak_Dachnik;"Рюкзак ""Дачник"" шр87##";"Рюкзак ""Дачник"" шр87##";443;http://www.kengurubags.ru/files/tmpUploadImage/0302030045.jpg;Производитель:VladaS	
http://www.kengurubags.ru/catalog/shr86a_Torba_malaya;"Торба малая шр86а##";"Торба малая шр86а##";282;http://www.kengurubags.ru/files/tmpUploadImage/0302030143.jpg;Производитель:VladaS	
http://www.kengurubags.ru/catalog/uf6637_Ranets_molodezhniy;"уф6637 Ранец молодежный";"уф6637 Ранец молодежный";1079;;"Производитель:Ufo People (Санкт-Петербург)"	
http://www.kengurubags.ru/catalog/uf6629_Ranets_molodezhniy;"уф6629 Ранец молодежный";"уф6629 Ранец молодежный";1338;;"Производитель:Ufo People (Санкт-Петербург); Вес(кг):1"	
http://www.kengurubags.ru/catalog/uf6944_ryukzak;"рюкзак уф6944##";"рюкзак уф6944##";1091;http://www.kengurubags.ru/files/tmpUploadImage/0302033130.jpg;"Производитель:Ufo People (Санкт-Петербург)"	
http://www.kengurubags.ru/catalog/uf6942_ryukzak;"рюкзак уф6942##";"рюкзак уф6942##";1091;http://www.kengurubags.ru/files/tmpUploadImage/0302033128.jpg;"Производитель:Ufo People (Санкт-Петербург)"	
http://www.kengurubags.ru/catalog/uf6941_ryukzak;"рюкзак уф6941##";"рюкзак уф6941##";1091;http://www.kengurubags.ru/files/tmpUploadImage/0302033127.jpg;"Производитель:Ufo People (Санкт-Петербург)"	
http://www.kengurubags.ru/catalog/uf6940_ryukzak;"рюкзак уф6940##";"рюкзак уф6940##";1091;http://www.kengurubags.ru/files/tmpUploadImage/0302033126.jpg;"Производитель:Ufo People (Санкт-Петербург)"	
http://www.kengurubags.ru/catalog/uf6938_ryukzak;"рюкзак уф6938##";"рюкзак уф6938##";1091;http://www.kengurubags.ru/files/tmpUploadImage/0302033124.jpg;"Производитель:Ufo People (Санкт-Петербург)"	
http://www.kengurubags.ru/catalog/uf6937_ryukzak;"рюкзак уф6937##";"рюкзак уф6937##";1091;http://www.kengurubags.ru/files/tmpUploadImage/0302033123.jpg;"Производитель:Ufo People (Санкт-Петербург)"	
http://www.kengurubags.ru/catalog/uf6933_ryukzak_molodezhniy;"рюкзак молодежный уф6933##";"рюкзак молодежный уф6933##";1091;http://www.kengurubags.ru/files/tmpUploadImage/0302032951.jpg;"Производитель:Ufo People (Санкт-Петербург)"	
http://www.kengurubags.ru/catalog/uf6932_ryukzak_molodezhniy;"рюкзак молодежный уф6932##";"рюкзак молодежный уф6932##";1091;http://www.kengurubags.ru/files/tmpUploadImage/0302032950.jpg;"Производитель:Ufo People (Санкт-Петербург)"	
http://www.kengurubags.ru/catalog/uf6931_ryukzak;"рюкзак уф6931##";"рюкзак уф6931##";1091;http://www.kengurubags.ru/files/tmpUploadImage/0302033122.jpg;"Производитель:Ufo People (Санкт-Петербург)"	
http://www.kengurubags.ru/catalog/uf6925_ryukzak_molodezhniy;"рюкзак молодежный уф6925##";"рюкзак молодежный уф6925##";1091;http://www.kengurubags.ru/files/tmpUploadImage/0302032948.jpg;"Производитель:Ufo People (Санкт-Петербург)"	
http://www.kengurubags.ru/catalog/uf6916_ryukzak_molodezhniy;"рюкзак молодежный уф6916##";"рюкзак молодежный уф6916##";1091;http://www.kengurubags.ru/files/tmpUploadImage/0302032940.jpg;"Производитель:Ufo People (Санкт-Петербург)"	
http://www.kengurubags.ru/catalog/uf6911_ryukzak;"рюкзак уф6911##";"рюкзак уф6911##";1091;http://www.kengurubags.ru/files/tmpUploadImage/0302033016.jpg;"Производитель:Ufo People (Санкт-Петербург)"	
http://www.kengurubags.ru/catalog/uf6910_ryukzak;"рюкзак уф6910##";"рюкзак уф6910##";1091;http://www.kengurubags.ru/files/tmpUploadImage/0302033121.jpg;"Производитель:Ufo People (Санкт-Петербург)"	
http://www.kengurubags.ru/catalog/uf6909_ryukzak;"рюкзак уф6909##";;1091;http://www.kengurubags.ru/files/tmpUploadImage/0302033015_small.jpg;	
http://www.kengurubags.ru/catalog/uf6906_ryukzak;"рюкзак уф6906##";;1091;http://www.kengurubags.ru/files/tmpUploadImage/0302033013_small.jpg;	
http://www.kengurubags.ru/catalog/uf6903_ryukzak;"рюкзак уф6903##";;1091;http://www.kengurubags.ru/files/tmpUploadImage/0302033011_small.jpg;	
http://www.kengurubags.ru/catalog/uf6902_ryukzak;"рюкзак уф6902##";;1091;http://www.kengurubags.ru/files/tmpUploadImage/0302033010_small.jpg;	
http://www.kengurubags.ru/catalog/uf6901_ryukzak;"рюкзак уф6901##";;1091;http://www.kengurubags.ru/files/tmpUploadImage/0302033120_small.jpg;	
http://www.kengurubags.ru/catalog/uf6696_ryukzak_molodezhniy;"рюкзак молодежный уф6696##";;1338;http://www.kengurubags.ru/files/tmpUploadImage/0302033030_small.jpg;	
http://www.kengurubags.ru/catalog/uf6695_ryukzak_molodezhniy;"рюкзак молодежный уф6695##";;1338;http://www.kengurubags.ru/files/tmpUploadImage/0302033029_small.jpg;	
http://www.kengurubags.ru/catalog/uf6640_ryukzak;"рюкзак уф6640##";;1298;http://www.kengurubags.ru/files/tmpUploadImage/0302033190_small.jpg;	
http://www.kengurubags.ru/catalog/uf6636_ryukzak_molodezhniy;"рюкзак молодежный уф6636##";;1079;http://www.kengurubags.ru/files/tmpUploadImage/0302033026_small.jpg;	
http://www.kengurubags.ru/catalog/uf6634_ryukzak_molodezhniy;"рюкзак молодежный уф6634##";;1298;http://www.kengurubags.ru/files/tmpUploadImage/0302033024_small.jpg;	
http://www.kengurubags.ru/catalog/uf6633_ryukzak_molodezhniy;"рюкзак молодежный уф6633##";;1298;http://www.kengurubags.ru/files/tmpUploadImage/0302032961_small.jpg;	
http://www.kengurubags.ru/catalog/uf6632_ryukzak_molodezhniy;"рюкзак молодежный уф6632##";;1298;http://www.kengurubags.ru/files/tmpUploadImage/0302033023_small.jpg;	
http://www.kengurubags.ru/catalog/uf6631_ryukzak_molodezhniy;"рюкзак молодежный уф6631##";;1338;http://www.kengurubags.ru/files/tmpUploadImage/0302032960_small.jpg;	
http://www.kengurubags.ru/catalog/uf6629_ryukzak_molodezhniy;"рюкзак молодежный уф6629##";;1338;http://www.kengurubags.ru/files/tmpUploadImage/0302032916_small.jpg;	
http://www.kengurubags.ru/catalog/uf6626_ryukzak_molodezhniy;"рюкзак молодежный уф6626##";;1556;http://www.kengurubags.ru/files/tmpUploadImage/0302032915_small.jpg;	
http://www.kengurubags.ru/catalog/uf6625_ryukzak;"рюкзак уф6625##";;1556;http://www.kengurubags.ru/files/tmpUploadImage/0302033082_small.jpg;	
http://www.kengurubags.ru/catalog/uf6616_ryukzak_molodezhniy;"рюкзак молодежный уф6616##";;1746;http://www.kengurubags.ru/files/tmpUploadImage/0302033022_small.jpg;	
http://www.kengurubags.ru/catalog/uf5964_ryukzak;"рюкзак уф5964##";;1738;http://www.kengurubags.ru/files/tmpUploadImage/0302032388_small.jpg;	
http://www.kengurubags.ru/catalog/uf5963_ryukzak;"рюкзак уф5963##";;1738;http://www.kengurubags.ru/files/tmpUploadImage/0302032387_small.jpg;	
http://www.kengurubags.ru/catalog/uf5933_ryukzak;"рюкзак уф5933##";;1738;http://www.kengurubags.ru/files/tmpUploadImage/0302032409_small.jpg;	
http://www.kengurubags.ru/catalog/uf5703_ryukzak;"рюкзак уф5703##";;2365;http://www.kengurubags.ru/files/tmpUploadImage/0302032334_small.jpg;	
http://www.kengurubags.ru/catalog/uf5524_ryukzak;"рюкзак уф5524##";;1935;http://www.kengurubags.ru/files/tmpUploadImage/0302032376_small.jpg;	
http://www.kengurubags.ru/catalog/uf5514_ryukzak;"рюкзак уф5514##";;2166;http://www.kengurubags.ru/files/tmpUploadImage/0302032366_small.jpg;	
http://www.kengurubags.ru/catalog/uf5513_ryukzak;"рюкзак уф5513##";;2166;http://www.kengurubags.ru/files/tmpUploadImage/0302032365_small.jpg;	
http://www.kengurubags.ru/catalog/uf5511_ryukzak;"рюкзак уф5511##";;2457;http://www.kengurubags.ru/files/tmpUploadImage/0302032363_small.jpg;	
http://www.kengurubags.ru/catalog/uf5509_ryukzak;"рюкзак уф5509##";;2457;http://www.kengurubags.ru/files/tmpUploadImage/0302032361_small.jpg;	
http://www.kengurubags.ru/catalog/uf5508_ryukzak;"рюкзак уф5508##";;2457;http://www.kengurubags.ru/files/tmpUploadImage/0302032360_small.jpg;	
http://www.kengurubags.ru/catalog/uf5507_ryukzak;"рюкзак уф5507##";;2457;http://www.kengurubags.ru/files/tmpUploadImage/0302032359_small.jpg;	
http://www.kengurubags.ru/catalog/uf5505_ryukzak;"рюкзак уф5505##";;2457;http://www.kengurubags.ru/files/tmpUploadImage/0302032357_small.jpg;	
http://www.kengurubags.ru/catalog/uf5502_ryukzak;"рюкзак уф5502##";;2457;http://www.kengurubags.ru/files/tmpUploadImage/0302032354_small.jpg;	
http://www.kengurubags.ru/catalog/uf456_ryukzak_molodezhniy;"рюкзак молодежный уф456##";;2185;http://www.kengurubags.ru/files/tmpUploadImage/0302031441_small.jpg;	
http://www.kengurubags.ru/catalog/uf12-317_Ryukzak;"Рюкзак уф12-317##";;1364;http://www.kengurubags.ru/files/tmpUploadImage/0302031575_small.jpg;	
http://www.kengurubags.ru/catalog/st1447_Ryukzak;"ст141/пс Рюкзак";;1245;;	
http://www.kengurubags.ru/catalog/st9995_ryukzak;"рюкзак ст9995##";;1141;http://www.kengurubags.ru/files/tmpUploadImage/0302033218_small.jpg;	
http://www.kengurubags.ru/catalog/st8835_ryukzak;"рюкзак ст8835##";;1141;http://www.kengurubags.ru/files/tmpUploadImage/0302033217_small.jpg;	
http://www.kengurubags.ru/catalog/st829_Ryukzak;"Рюкзак ст829##";;1079;http://www.kengurubags.ru/files/tmpUploadImage/0302030336_small.jpg;	
http://www.kengurubags.ru/catalog/st797_ryukzak_molodezhniy;"рюкзак молодежный ст797##";;1922;http://www.kengurubags.ru/files/tmpUploadImage/0302031246_small.jpg;	
http://www.kengurubags.ru/catalog/st440_Ryukzak_turisticheskiy;"Рюкзак туристический ст440##";;1903;http://www.kengurubags.ru/files/tmpUploadImage/0302030605_small.jpg;	
http://www.kengurubags.ru/catalog/st318-2_ryukzak_molodezhniy;"рюкзак молодежный ст318-2##";;592;http://www.kengurubags.ru/files/tmpUploadImage/0302032856_small.jpg;	
http://www.kengurubags.ru/catalog/st2702_ryukzak;"рюкзак ст2702##";;973;http://www.kengurubags.ru/files/tmpUploadImage/0302033212_small.jpg;	
http://www.kengurubags.ru/catalog/st2603_ryukzak;"рюкзак ст2603##";;1174;http://www.kengurubags.ru/files/tmpUploadImage/0302033211_small.jpg;	
http://www.kengurubags.ru/catalog/st2346_ryukzak;"рюкзак ст2346##";;973;http://www.kengurubags.ru/files/tmpUploadImage/0302033210_small.jpg;	
http://www.kengurubags.ru/catalog/st2314_ryukzak;"рюкзак ст2314##";;1064;http://www.kengurubags.ru/files/tmpUploadImage/0302033208_small.jpg;	
http://www.kengurubags.ru/catalog/st2156_ryukzak;"рюкзак ст2156##";;1193;http://www.kengurubags.ru/files/tmpUploadImage/0302033207_small.jpg;	
http://www.kengurubags.ru/catalog/st2017.1_ryukzak;"рюкзак ст2017.1##";;1680;http://www.kengurubags.ru/files/tmpUploadImage/0302033180_small.jpg;	
http://www.kengurubags.ru/catalog/st2017_ryukzak;"рюкзак ст2017##";;1680;http://www.kengurubags.ru/files/tmpUploadImage/0302032923_small.jpg;	
http://www.kengurubags.ru/catalog/st1992_ryukzak_molodezhniy;"рюкзак молодежный ст1992##";;1655;http://www.kengurubags.ru/files/tmpUploadImage/0302032433_small.jpg;	
http://www.kengurubags.ru/catalog/st1964_Ryukzak_dlya_devochek;"Рюкзак для девочек ст1964##";;1274;http://www.kengurubags.ru/files/tmpUploadImage/0302031485_small.jpg;	
http://www.kengurubags.ru/catalog/st1963_Ryukzak_dlya_devochek;"Рюкзак для девочек ст1963##";;1441;http://www.kengurubags.ru/files/tmpUploadImage/0302031472_small.jpg;	
http://www.kengurubags.ru/catalog/st1931_ryukzak_molodezhniy;"рюкзак молодежный ст1931##";;2426;http://www.kengurubags.ru/files/tmpUploadImage/0302031167_small.jpg;	
http://www.kengurubags.ru/catalog/st1930_Ryukzak_dlya_noutbuka;"Рюкзак для ноутбука ст1930##";;2553;http://www.kengurubags.ru/files/tmpUploadImage/0302031166_small.jpg;	
http://www.kengurubags.ru/catalog/st1910_ryukzak_molodezhniy;"рюкзак молодежный ст1910##";;1351;http://www.kengurubags.ru/files/tmpUploadImage/0302032184_small.jpg;	
http://www.kengurubags.ru/catalog/st1908_ryukzak_molodezhniy;"рюкзак молодежный ст1908##";;1370;http://www.kengurubags.ru/files/tmpUploadImage/0302032182_small.jpg;	
http://www.kengurubags.ru/catalog/st1907_ryukzak_molodezhniy;"рюкзак молодежный ст1907##";;1370;http://www.kengurubags.ru/files/tmpUploadImage/0302032179_small.jpg;	
http://www.kengurubags.ru/catalog/st1904_Ryukzak_molodezhniy;"Рюкзак молодежный ст1904##";;1321;http://www.kengurubags.ru/files/tmpUploadImage/0302032176_small.jpg;	
http://www.kengurubags.ru/catalog/st1637_ryukzak;"рюкзак ст1637##";;1064;http://www.kengurubags.ru/files/tmpUploadImage/0302033206_small.jpg;	
http://www.kengurubags.ru/catalog/st1609_ryukzak;"рюкзак ст1609##";;1064;http://www.kengurubags.ru/files/tmpUploadImage/0302033205_small.jpg;	
http://www.kengurubags.ru/catalog/st15-453_ryukzak;"рюкзак ст15-453##";;1492;http://www.kengurubags.ru/files/tmpUploadImage/0302033174_small.jpg;	
http://www.kengurubags.ru/catalog/st15-436_ryukzak;"рюкзак ст15-436##";;1245;http://www.kengurubags.ru/files/tmpUploadImage/0302033085_small.jpg;	
http://www.kengurubags.ru/catalog/st15-411_ryukzak;"рюкзак ст15-411##";;1337;http://www.kengurubags.ru/files/tmpUploadImage/0302033086_small.jpg;	
http://www.kengurubags.ru/catalog/st15-377_ryukzak;"рюкзак ст15-377##";;1427;http://www.kengurubags.ru/files/tmpUploadImage/0302033175_small.jpg;	
http://www.kengurubags.ru/catalog/st15-374-1_ryukzak;"рюкзак ст15-374-1##";;1427;http://www.kengurubags.ru/files/tmpUploadImage/0302033172_small.jpg;	
http://www.kengurubags.ru/catalog/st15-332_ryukzak;"рюкзак ст15-332##";;1193;http://www.kengurubags.ru/files/tmpUploadImage/0302033090_small.jpg;	
http://www.kengurubags.ru/catalog/st15-317_ryukzak;"рюкзак ст15-317##";;1155;http://www.kengurubags.ru/files/tmpUploadImage/0302033088_small.jpg;	
http://www.kengurubags.ru/catalog/st15-314_ryukzak;"рюкзак ст15-314##";;1168;http://www.kengurubags.ru/files/tmpUploadImage/0302033089_small.jpg;	
http://www.kengurubags.ru/catalog/st15-253_ryukzak;"рюкзак ст15-253##";;1193;http://www.kengurubags.ru/files/tmpUploadImage/0302033091_small.jpg;	
http://www.kengurubags.ru/catalog/st15-236_ryukzak;"рюкзак ст15-236##";;1193;http://www.kengurubags.ru/files/tmpUploadImage/0302033087_small.jpg;	
http://www.kengurubags.ru/catalog/st1451_ryukzak;"рюкзак ст1451##";;1141;http://www.kengurubags.ru/files/tmpUploadImage/0302033215_small.jpg;	
http://www.kengurubags.ru/catalog/st1447.1_ryukzak;"рюкзак ст1447.1##";;1206;http://www.kengurubags.ru/files/tmpUploadImage/0302033119_small.jpg;	
http://www.kengurubags.ru/catalog/st1447_ryukzak302033118;"рюкзак ст1447##";;1245;http://www.kengurubags.ru/files/tmpUploadImage/0302033118_small.jpg;	
http://www.kengurubags.ru/catalog/st1431_ryukzak_molodezhniy;"рюкзак молодежный ст1431##";;1346;http://www.kengurubags.ru/files/tmpUploadImage/0302032850_small.jpg;	
http://www.kengurubags.ru/catalog/st1430_ryukzak_molodezhniy;"рюкзак молодежный ст1430##";;1364;http://www.kengurubags.ru/files/tmpUploadImage/0302032655_small.jpg;	
http://www.kengurubags.ru/catalog/st1427_ryukzak_molodezhniy_dlya_devochek;"рюкзак молодежный для девочек ст1427##";;1277;http://www.kengurubags.ru/files/tmpUploadImage/0302032848_small.jpg;	
http://www.kengurubags.ru/catalog/st1425_ryukzak_molodezhniy_dlya_devochek;"рюкзак молодежный для девочек ст1425##";;1280;http://www.kengurubags.ru/files/tmpUploadImage/0302032846_small.jpg;	
http://www.kengurubags.ru/catalog/st1424_ryukzak_molodezhniy_dlya_devochek;"рюкзак молодежный для девочек ст1424##";;1325;http://www.kengurubags.ru/files/tmpUploadImage/0302032845_small.jpg;	
http://www.kengurubags.ru/catalog/st1423_ryukzak;"рюкзак ст1423##";;1604;http://www.kengurubags.ru/files/tmpUploadImage/0302033177_small.jpg;	
http://www.kengurubags.ru/catalog/st1422_ryukzak;"рюкзак ст1422##";;1615;http://www.kengurubags.ru/files/tmpUploadImage/0302033176_small.jpg;	
http://www.kengurubags.ru/catalog/st1421_ryukzak_molodezhniy;"рюкзак молодежный ст1421##";;1712;http://www.kengurubags.ru/files/tmpUploadImage/0302032917_small.jpg;	
http://www.kengurubags.ru/catalog/st1420_ryukzak_molodezhniy;"рюкзак молодежный ст1420##";;1414;http://www.kengurubags.ru/files/tmpUploadImage/0302032844_small.jpg;	
http://www.kengurubags.ru/catalog/st1419_ryukzak_molodezhniy;"рюкзак молодежный ст1419##";;1388;http://www.kengurubags.ru/files/tmpUploadImage/0302032843_small.jpg;	
http://www.kengurubags.ru/catalog/st1418_ryukzak_molodezhniy;"рюкзак молодежный ст1418##";;1398;http://www.kengurubags.ru/files/tmpUploadImage/0302032842_small.jpg;	
http://www.kengurubags.ru/catalog/st1416_ryukzak_molodezhniy;"рюкзак молодежный ст1416##";;1182;http://www.kengurubags.ru/files/tmpUploadImage/0302032840_small.jpg;	
http://www.kengurubags.ru/catalog/st1415_ryukzak_molodezhniy;"рюкзак молодежный ст1415##";;1082;http://www.kengurubags.ru/files/tmpUploadImage/0302032839_small.jpg;	
http://www.kengurubags.ru/catalog/st1413_ryukzak_molodezhniy;"рюкзак молодежный ст1413##";;1260;http://www.kengurubags.ru/files/tmpUploadImage/0302032653_small.jpg;	
http://www.kengurubags.ru/catalog/st1412_ryukzak;"рюкзак ст1412##";;1478;http://www.kengurubags.ru/files/tmpUploadImage/0302033195_small.jpg;	
http://www.kengurubags.ru/catalog/st1407_ryukzak;"рюкзак ст1407##";;1680;http://www.kengurubags.ru/files/tmpUploadImage/0302033179_small.jpg;	
http://www.kengurubags.ru/catalog/st1406_ryukzak;"рюкзак ст1406##";;1649;http://www.kengurubags.ru/files/tmpUploadImage/0302033181_small.jpg;	
http://www.kengurubags.ru/catalog/st1405_ryukzak_molodezhniy;"рюкзак молодежный ст1405##";;1415;http://www.kengurubags.ru/files/tmpUploadImage/0302032918_small.jpg;	
http://www.kengurubags.ru/catalog/st1404_ryukzak;"рюкзак ст1404##";;1386;http://www.kengurubags.ru/files/tmpUploadImage/0302033178_small.jpg;	
http://www.kengurubags.ru/catalog/st1403_ryukzak;"рюкзак ст1403##";;1465;http://www.kengurubags.ru/files/tmpUploadImage/0302032631_small.jpg;	
http://www.kengurubags.ru/catalog/st1006_sumka_molodezhnaya;"сумка молодежная ст1006##";;1122;http://www.kengurubags.ru/files/tmpUploadImage/0302033146_small.jpg;	
http://www.kengurubags.ru/catalog/st1005_sumka_molodezhnaya;"сумка молодежная ст1005##";;973;http://www.kengurubags.ru/files/tmpUploadImage/0302033145_small.jpg;	
http://www.kengurubags.ru/catalog/ra-46sin_ryukzak;"рюкзак ра-46син##";;865;http://www.kengurubags.ru/files/tmpUploadImage/0302033150_small.jpg;	
http://www.kengurubags.ru/catalog/ra-46ser_ryukzak;"рюкзак ра-46сер##";;865;http://www.kengurubags.ru/files/tmpUploadImage/0302033149_small.jpg;	
http://www.kengurubags.ru/catalog/ra-46_ryukzak;"рюкзак ра-46##";;865;http://www.kengurubags.ru/files/tmpUploadImage/0302032692_small.jpg;	
http://www.kengurubags.ru/catalog/ra-342_ryukzak_molodezhniy;"рюкзак молодежный ра-342##";;1127;http://www.kengurubags.ru/files/tmpUploadImage/0302032977_small.jpg;	
http://www.kengurubags.ru/catalog/ra-340_ryukzak_molodezhniy;"рюкзак молодежный ра-340##";;967;http://www.kengurubags.ru/files/tmpUploadImage/0302032979_small.jpg;	
http://www.kengurubags.ru/catalog/ra-259_ryukzak;"рюкзак ра-259##";;326;http://www.kengurubags.ru/files/tmpUploadImage/0302032816_small.jpg;	
http://www.kengurubags.ru/catalog/ra-256cherfiol_ryukzak;"рюкзак ра-256черфиол##";;883;http://www.kengurubags.ru/files/tmpUploadImage/0302032713_small.jpg;	
http://www.kengurubags.ru/catalog/ra-254cherzel_ryukzak;"рюкзак ра-254черзел##";;1031;http://www.kengurubags.ru/files/tmpUploadImage/0302032706_small.jpg;	
http://www.kengurubags.ru/catalog/ra-248_ryukzak_molodezhniy;"рюкзак молодежный ра-248##";;666;http://www.kengurubags.ru/files/tmpUploadImage/0302032983_small.jpg;	
http://www.kengurubags.ru/catalog/ra-244_ryukzak;"рюкзак ра-244##";;1013;http://www.kengurubags.ru/files/tmpUploadImage/0302032680_small.jpg;	
http://www.kengurubags.ru/catalog/ra-242_ryukzak;"рюкзак ра-242##";;1287;http://www.kengurubags.ru/files/tmpUploadImage/0302033144_small.jpg;	
http://www.kengurubags.ru/catalog/ra-239_ryukzak;"рюкзак ра-239##";;511;http://www.kengurubags.ru/files/tmpUploadImage/0302032679_small.jpg;	
http://www.kengurubags.ru/catalog/ra-238_ryukzak;"рюкзак ра-238##";;862;http://www.kengurubags.ru/files/tmpUploadImage/0302032690_small.jpg;	
http://www.kengurubags.ru/catalog/ra-235_ryukzak302032678;"рюкзак ра-235##";;385;http://www.kengurubags.ru/files/tmpUploadImage/0302032678_small.jpg;	
http://www.kengurubags.ru/catalog/ra-235_ryukzak;"рюкзак ра-23/5##";;386;http://www.kengurubags.ru/files/tmpUploadImage/0302032677_small.jpg;	
http://www.kengurubags.ru/catalog/ra-201_ryukzak;"рюкзак ра-201##";;439;http://www.kengurubags.ru/files/tmpUploadImage/0302032675_small.jpg;	
http://www.kengurubags.ru/catalog/ra-158sin_ryukzak_gorodskoy;"рюкзак городской ра-158син##";;1283;http://www.kengurubags.ru/files/tmpUploadImage/0302032986_small.jpg;	
http://www.kengurubags.ru/catalog/ra-158_ryukzak_gorodskoy;"рюкзак городской ра-158##";;1283;http://www.kengurubags.ru/files/tmpUploadImage/0302032982_small.jpg;	
http://www.kengurubags.ru/catalog/ra-156_ryukzak_gorodskoy;"рюкзак городской ра-156##";;1361;http://www.kengurubags.ru/files/tmpUploadImage/0302032981_small.jpg;	
http://www.kengurubags.ru/catalog/ra-155_ryukzak_dlya_noutbuka;"рюкзак для ноутбука ра-155##";;1134;http://www.kengurubags.ru/files/tmpUploadImage/0302032674_small.jpg;	
http://www.kengurubags.ru/catalog/ra-147cherhaki_ryukzak;"рюкзак ра-147черхаки##";;924;http://www.kengurubags.ru/files/tmpUploadImage/0302032817_small.jpg;	
http://www.kengurubags.ru/catalog/ra-147chersin_ryukzak;"рюкзак ра-147черсин##";;924;http://www.kengurubags.ru/files/tmpUploadImage/0302032715_small.jpg;	
http://www.kengurubags.ru/catalog/ra-147cherkr_ryukzak;"рюкзак ра-147черкр##";;924;http://www.kengurubags.ru/files/tmpUploadImage/0302032714_small.jpg;	
http://www.kengurubags.ru/catalog/80099siniybr_Ryukzak;"Рюкзак 80099синий";;1212;http://www.kengurubags.ru/kenguruimages/15/15-2/80099sin_s9116.jpg;	
http://www.kengurubags.ru/catalog/P955ZH-05br_Ryukzak_cherniy;"Рюкзак черный П955Ж-05";;1737;http://www.kengurubags.ru/kenguruimages/15/15-2/955-05_s950.jpg;	
http://www.kengurubags.ru/catalog/80099seriybr_Ryukzak;"Рюкзак 80099 серый";;1212;http://www.kengurubags.ru/kenguruimages/15/15-2/80099ser_s3124.jpg;	
http://www.kengurubags.ru/catalog/P1955-05br_Ryukzak_cherniy;"Рюкзак черный П1955-05";;1737;http://www.kengurubags.ru/kenguruimages/15/15-2/1955-05_s186.jpg;	
http://www.kengurubags.ru/catalog/80098zeleniybr_Ryukzak;"Рюкзак 80098зеленый";;1212;http://www.kengurubags.ru/kenguruimages/15/15-2-2/80098zel_s3850.jpg;	
http://www.kengurubags.ru/catalog/80099cherniy_Ryukzak;"Рюкзак 80099 черный";;1212;http://www.kengurubags.ru/kenguruimages/15/15-2/80099black_s8211.jpg;	
http://www.kengurubags.ru/catalog/80099kofebr_Ryukzak;"Рюкзак 80099кофе";;1212;http://www.kengurubags.ru/kenguruimages/15/15-2-2/80099kofe_s5407.jpg;	
http://www.kengurubags.ru/catalog/80098seriybr_Ryukzak;"Рюкзак 80098серый";;1212;http://www.kengurubags.ru/kenguruimages/15/15-2/80098ser_s398.jpg;	
http://www.kengurubags.ru/catalog/P876-05br_Ryukzak_cherniy;"Рюкзак (черный) П876-05";;1528;http://www.kengurubags.ru/kenguruimages/15/15-2/P876-05_s6455.jpg;	
http://www.kengurubags.ru/catalog/P876-04br_Ryukzak_siniy;"Рюкзак (синий) П876-04";;1528;http://www.kengurubags.ru/kenguruimages/15/15-2/876-04_s7936.jpg;	
http://www.kengurubags.ru/catalog/1882-05br_Ryukzak_cherniy;"Рюкзак черный 1882-05";;1518;http://www.kengurubags.ru/kenguruimages/15/15-2/1882-05_s7698.jpg;	
http://www.kengurubags.ru/catalog/1881-05br_Ryukzak_cherniy;"Рюкзак 1881-05 черный";;1518;http://www.kengurubags.ru/kenguruimages/15/15-2/1881-05_s6062.jpg;	
http://www.kengurubags.ru/catalog/80066_Greybr_Ryukzak_seriy;"Рюкзак 80066 Grey";;1212;http://www.kengurubags.ru/kenguruimages/15/15-2-2/80066_grey_s5002.jpg;	
http://www.kengurubags.ru/catalog/2810-05br_Ryukzak_cherniy;"Рюкзак (черный) 2810-05";;1518;http://www.kengurubags.ru/kenguruimages/15/15-2/2810-05_s6936.jpg;	
http://www.kengurubags.ru/catalog/80098siniybr_Ryukzak;"Рюкзак 80098 синий";;1212;http://www.kengurubags.ru/kenguruimages/15/15-2/80098sin_s1610.jpg;	
http://www.kengurubags.ru/catalog/80062_Greenbr_Ryukzak_kor_s_zel;"Рюкзак 80062 Green";;1212;http://www.kengurubags.ru/kenguruimages/15/15-2/80062green_s.jpg;	
http://www.kengurubags.ru/catalog/P1956-05br_Ryukzak_cherniy;"Рюкзак черный П1956-05";;1737;http://www.kengurubags.ru/kenguruimages/15/15-2/1956-05_s2493.jpg;	
http://www.kengurubags.ru/catalog/P909-05br_Ryukzak_cherniy;"Рюкзак (черный) П909-05";;1729;http://www.kengurubags.ru/kenguruimages/15/15-2-2/p909-05_s.jpg;	
http://www.kengurubags.ru/catalog/D1411br_Ryukzak;"Рюкзак Д1411";;2680;http://www.kengurubags.ru/kenguruimages/15/15-2-2/d1411_s4317.jpg;	
http://www.kengurubags.ru/catalog/38309-05br_Ryukzak_cherniy;"Рюкзак 38309-05";;1518;http://www.kengurubags.ru/kenguruimages/15/15-2/38309-05_s6656.jpg;	
http://www.kengurubags.ru/catalog/po3820-01_ryukzak;"рюкзак по3820-01##";;1760;http://www.kengurubags.ru/files/tmpUploadImage/0302032559_small.jpg;	
http://www.kengurubags.ru/catalog/po1525-02_ryukzak;"рюкзак по1525-02##";;1951;http://www.kengurubags.ru/files/tmpUploadImage/0302032545_small.jpg;	
http://www.kengurubags.ru/catalog/4345_Red_Ryukzak_zhenskiy;"4345 Red Рюкзак женский";;2174;http://www.kengurubags.ru/kenguruimages/15/4345_s.jpg;	
http://www.kengurubags.ru/catalog/ga11843_Ranets_detskiy_ortopedicheskiy_s_meshkomtubus_Vintazh;"Ранец детский ортопедический с мешком+тубус Винтаж га11843##";;3002;http://www.kengurubags.ru/files/tmpUploadImage/0302020360_small.jpg;	
http://www.kengurubags.ru/catalog/ga11725_Ranets_detskiy_ortopedicheskiy_Printsessa;"Ранец детский ортопедический Принцесса га11725##";;1725;http://www.kengurubags.ru/files/tmpUploadImage/0302020062_small.jpg;	
http://www.kengurubags.ru/catalog/ga11724_Ranets_detskiy_ortopedicheskiy_MEGA_GIRL;"Ранец детский ортопедический MEGA GIRL га11724##";;1725;http://www.kengurubags.ru/files/tmpUploadImage/0302020241_small.jpg;	
http://www.kengurubags.ru/catalog/ga11723_Ranets_detskiy_ortopedicheskiy_rock_GIRL;"Ранец детский ортопедический rock GIRL га11723##";;1725;http://www.kengurubags.ru/files/tmpUploadImage/0302020237_small.jpg;	
http://www.kengurubags.ru/catalog/ga1076-25_Ranets_Girls;"Ранец (Girls) га1076-25##";;2017;http://www.kengurubags.ru/files/tmpUploadImage/0302020172_small.jpg;	
http://www.kengurubags.ru/catalog/ga1076-24_Ranets_Printsessa;"Ранец (Принцесса) га1076-24##";;2017;http://www.kengurubags.ru/files/tmpUploadImage/0302020171_small.jpg;	
http://www.kengurubags.ru/catalog/ga1076-21_Ranets_Happy_Day;"Ранец (Happy Day) га1076-21##";;2017;http://www.kengurubags.ru/files/tmpUploadImage/0302020190_small.jpg;	
http://www.kengurubags.ru/catalog/gRU-618-1chernser_Ryukzak;"Рюкзак гРУ-618-1черн/сер";;1874;http://www.kengurubags.ru/kenguruimages/15/15-2/618-1cherser_s3425.jpg;	
http://www.kengurubags.ru/catalog/gRZH-660-1fiolgol_Ryukzak;"гРЖ-660-2лил Рюкзак";;1815;;	
http://www.kengurubags.ru/catalog/gRU-623-1cherkr_s_salat_ryukzak;"рюкзак гРУ-623-1черкр с салат##";;1693;http://www.kengurubags.ru/files/tmpUploadImage/0302032623_small.jpg;	
http://www.kengurubags.ru/catalog/gRU-623-1cherkr_s_belim_ryukzak;"рюкзак гРУ-623-1черкр с белым##";;1693;http://www.kengurubags.ru/files/tmpUploadImage/0302032624_small.jpg;	
http://www.kengurubags.ru/catalog/gRU-623-1kor.kletka_s_salat._ryukzak;"рюкзак гРУ-623-1кор.клетка с салат.##";;1693;http://www.kengurubags.ru/files/tmpUploadImage/0302032621_small.jpg;	
http://www.kengurubags.ru/catalog/gRU-623-1kl.melkaya_t.ser_ryukzak;"рюкзак гРУ-623-1кл.мелкая т.сер##";;1693;http://www.kengurubags.ru/files/tmpUploadImage/0302032627_small.jpg;	
http://www.kengurubags.ru/catalog/gRU-623-1kamuflyazh_s_myatoy_ryukzak;"рюкзак гРУ-623-1камуфляж с мятой##";;1693;http://www.kengurubags.ru/files/tmpUploadImage/0302033065_small.jpg;	
http://www.kengurubags.ru/catalog/gRU-618-6chercher_ryukzak;"рюкзак гРУ-618-6черчер##";;1856;http://www.kengurubags.ru/files/tmpUploadImage/0302033098_small.jpg;	
http://www.kengurubags.ru/catalog/gRU-618-6sinor_ryukzak;"рюкзак гРУ-618-6синор##";;1856;http://www.kengurubags.ru/files/tmpUploadImage/0302033097_small.jpg;	
http://www.kengurubags.ru/catalog/gRU-618-3ser_ryukzak;"рюкзак гРУ-618-3сер##";;1919;http://www.kengurubags.ru/files/tmpUploadImage/0302032833_small.jpg;	
http://www.kengurubags.ru/catalog/gRU-618-2chersal_ryukzak;"рюкзак гРУ-618-2черсал##";;1919;http://www.kengurubags.ru/files/tmpUploadImage/0302032829_small.jpg;	
http://www.kengurubags.ru/catalog/gRU-618-2cheror_ryukzak;"рюкзак гРУ-618-2черор##";;1919;http://www.kengurubags.ru/files/tmpUploadImage/0302032830_small.jpg;	
http://www.kengurubags.ru/catalog/gRU-618-2cherzhel_ryukzak;"рюкзак гРУ-618-2чержел##";;1919;http://www.kengurubags.ru/files/tmpUploadImage/0302032831_small.jpg;	
http://www.kengurubags.ru/catalog/gRU-618-1cherser_ryukzak;"рюкзак гРУ-618-1черсер##";;1874;http://www.kengurubags.ru/files/tmpUploadImage/0302032796_small.jpg;	
http://www.kengurubags.ru/catalog/gRU-617-2cher_ryukzak;"рюкзак гРУ-617-2чер##";;2014;http://www.kengurubags.ru/files/tmpUploadImage/0302033095_small.jpg;	
http://www.kengurubags.ru/catalog/gRU-617-2sin_ryukzak;"рюкзак гРУ-617-2син##";;2014;http://www.kengurubags.ru/files/tmpUploadImage/0302033093_small.jpg;	
http://www.kengurubags.ru/catalog/gRU-617-2ser_ryukzak;"рюкзак гРУ-617-2сер##";;2014;http://www.kengurubags.ru/files/tmpUploadImage/0302033094_small.jpg;	
http://www.kengurubags.ru/catalog/gRU-617-2sal_ryukzak;"рюкзак гРУ-617-2сал##";;2014;http://www.kengurubags.ru/files/tmpUploadImage/0302033092_small.jpg;	
http://www.kengurubags.ru/catalog/gRU-616-1cher_ryukzak;"рюкзак гРУ-616-1чер##";;2146;http://www.kengurubags.ru/files/tmpUploadImage/0302032974_small.jpg;	
http://www.kengurubags.ru/catalog/gRU-616-1ser_ryukzak;"рюкзак гРУ-616-1сер##";;2146;http://www.kengurubags.ru/files/tmpUploadImage/0302032973_small.jpg;	
http://www.kengurubags.ru/catalog/gRU-616-1olivk_ryukzak;"рюкзак гРУ-616-1оливк##";;2146;http://www.kengurubags.ru/files/tmpUploadImage/0302032975_small.jpg;	
http://www.kengurubags.ru/catalog/gRU-610-2sal.gol.kletka_ryukzak;"рюкзак гРУ-610-2сал.гол.клетка##";;1408;http://www.kengurubags.ru/files/tmpUploadImage/0302032781_small.jpg;	
http://www.kengurubags.ru/catalog/gRU-610-2gol.kletka_ryukzak;"рюкзак гРУ-610-2гол.клетка##";;1408;http://www.kengurubags.ru/files/tmpUploadImage/0302032646_small.jpg;	
http://www.kengurubags.ru/catalog/gRU-610-2bir.kubiki_ryukzak;"рюкзак гРУ-610-2бир.кубики##";;1408;http://www.kengurubags.ru/files/tmpUploadImage/0302032645_small.jpg;	
http://www.kengurubags.ru/catalog/gRU-609-2chersal_ryukzak;"рюкзак гРУ-609-2черсал##";;1760;http://www.kengurubags.ru/files/tmpUploadImage/0302032969_small.jpg;	
http://www.kengurubags.ru/catalog/gRU-609-2cheror_ryukzak;"рюкзак гРУ-609-2черор##";;1760;http://www.kengurubags.ru/files/tmpUploadImage/0302033043_small.jpg;	
http://www.kengurubags.ru/catalog/gRU-609-2cherzhel_ryukzak;"рюкзак гРУ-609-2чержел##";;1760;http://www.kengurubags.ru/files/tmpUploadImage/0302033009_small.jpg;	
http://www.kengurubags.ru/catalog/gRU-603-1zhel_ryukzak;"рюкзак гРУ-603-1жел##";;1670;http://www.kengurubags.ru/files/tmpUploadImage/0302033202_small.jpg;	
http://www.kengurubags.ru/catalog/gRU-602-1kletka_kosmos_ryukzak;"рюкзак гРУ-602-1клетка космос##";;1693;http://www.kengurubags.ru/files/tmpUploadImage/0302033007_small.jpg;	
http://www.kengurubags.ru/catalog/gRU-602-1kl.salat_ryukzak;"рюкзак гРУ-602-1кл.салат##";;1693;http://www.kengurubags.ru/files/tmpUploadImage/0302032994_small.jpg;	
http://www.kengurubags.ru/catalog/gRU-602-1kl.bir_ryukzak;"рюкзак гРУ-602-1кл.бир##";;1693;http://www.kengurubags.ru/files/tmpUploadImage/0302032995_small.jpg;	
http://www.kengurubags.ru/catalog/gRU-602-1MOSAIC_BLOCK_ryukzak;"рюкзак гРУ-602-1MOSAIC BLOCK##";;1693;http://www.kengurubags.ru/files/tmpUploadImage/0302033199_small.jpg;	
http://www.kengurubags.ru/catalog/gRU-601-3haki_ryukzak;"рюкзак гРУ-601-3хаки##";;1465;http://www.kengurubags.ru/files/tmpUploadImage/0302032883_small.jpg;	
http://www.kengurubags.ru/catalog/gRU-601-3ser_ryukzak;"рюкзак гРУ-601-3сер##";;1465;http://www.kengurubags.ru/files/tmpUploadImage/0302032828_small.jpg;	
http://www.kengurubags.ru/catalog/gRU-601-3or_ryukzak;"рюкзак гРУ-601-3ор##";;1465;http://www.kengurubags.ru/files/tmpUploadImage/0302033198_small.jpg;	
http://www.kengurubags.ru/catalog/gRU-601-2haki_ryukzak;"рюкзак гРУ-601-2хаки##";;1806;http://www.kengurubags.ru/files/tmpUploadImage/0302032466_small.jpg;	
http://www.kengurubags.ru/catalog/gRU-528-3serbir_ryukzak_molodezhniy;"рюкзак молодежный гРУ-528-3сербир##";;1806;http://www.kengurubags.ru/files/tmpUploadImage/0302032085_small.jpg;	
http://www.kengurubags.ru/catalog/gRU-518-1cherser_ryukzak_molodezhniy;"рюкзак молодежный гРУ-518-1черсер##";;1806;http://www.kengurubags.ru/files/tmpUploadImage/0302032036_small.jpg;	
http://www.kengurubags.ru/catalog/gRU-518-1chersal_ryukzak_molodezhniy;"рюкзак молодежный гРУ-518-1черсал##";;1806;http://www.kengurubags.ru/files/tmpUploadImage/0302032035_small.jpg;	
http://www.kengurubags.ru/catalog/gru-518-1cherzhel_ryukzak_molodezhniy;"рюкзак молодежный гру-518-1чержел##";;1806;http://www.kengurubags.ru/files/tmpUploadImage/0302032061_small.jpg;	
http://www.kengurubags.ru/catalog/gRU-518-1cherbir_ryukzak_molodezhniy;"рюкзак молодежный гРУ-518-1чербир##";;1806;http://www.kengurubags.ru/files/tmpUploadImage/0302032034_small.jpg;	
http://www.kengurubags.ru/catalog/gRU-510-2cher_ryukzak;"рюкзак гРУ-510-2чер##";;1408;http://www.kengurubags.ru/files/tmpUploadImage/0302032461_small.jpg;	
http://www.kengurubags.ru/catalog/gRU-510-2t.ser_ryukzak_molodezhniy;"рюкзак молодежный гРУ-510-2т.сер##";;1408;http://www.kengurubags.ru/files/tmpUploadImage/0302032401_small.jpg;	
http://www.kengurubags.ru/catalog/gRU-510-2ser_ryukzak;"рюкзак гРУ-510-2сер##";;1408;http://www.kengurubags.ru/files/tmpUploadImage/0302032460_small.jpg;	
http://www.kengurubags.ru/catalog/gRU-506-1cherzhel_ryukzak_molodezhniy;"рюкзак молодежный гРУ-506-1чержел##";;1919;http://www.kengurubags.ru/files/tmpUploadImage/0302032067_small.jpg;	
http://www.kengurubags.ru/catalog/gRU-506-1cherbir_ryukzak_molodezhniy;"рюкзак молодежный гРУ-506-1чербир##";;1919;http://www.kengurubags.ru/files/tmpUploadImage/0302032068_small.jpg;	
http://www.kengurubags.ru/catalog/gRU-500-1kletka_mel.t.ser_ryukzak_molodezhniy;"рюкзак молодежный гРУ-500-1клетка мел.т.сер##";;1693;http://www.kengurubags.ru/files/tmpUploadImage/0302032111_small.jpg;	
http://www.kengurubags.ru/catalog/gRU-500-1kletka_zhelsin_ryukzak_molodezhniy;"рюкзак молодежный гРУ-500-1клетка желсин##";;1693;http://www.kengurubags.ru/files/tmpUploadImage/0302032109_small.jpg;	
http://www.kengurubags.ru/catalog/gRU-500-1kamuflyazh_tsifra_ryukzak_molodezhniy;"рюкзак молодежный гРУ-500-1камуфляж цифра##";;1693;http://www.kengurubags.ru/files/tmpUploadImage/0302032108_small.jpg;	
http://www.kengurubags.ru/catalog/gRU-423-1chern_ryukzak_molodezhniy;"рюкзак молодежный гРУ-423-1черн##";;1613;http://www.kengurubags.ru/files/tmpUploadImage/0302031490_small.jpg;	
http://www.kengurubags.ru/catalog/gRU-417-1cherzhel_Ryukzak;"Рюкзак гРУ-417-1чержел##";;1067;http://www.kengurubags.ru/files/tmpUploadImage/0302031914_small.jpg;	
http://www.kengurubags.ru/catalog/gRU-400-1cherser_ryukzak_molodezhniy;"рюкзак молодежный гРУ-400-1черсер##";;1635;http://www.kengurubags.ru/files/tmpUploadImage/0302031730_small.jpg;	
http://www.kengurubags.ru/catalog/gRU-400-1serzel_ryukzak;"рюкзак гРУ-400-1серзел##";;1635;http://www.kengurubags.ru/files/tmpUploadImage/0302032397_small.jpg;	
http://www.kengurubags.ru/catalog/gRU-400-1sergol_ryukzak_molodezhniy;"рюкзак молодежный гРУ-400-1сергол##";;1635;http://www.kengurubags.ru/files/tmpUploadImage/0302031729_small.jpg;	
http://www.kengurubags.ru/catalog/gRZH-663-2serroz_ryukzak;"рюкзак гРЖ-663-2серроз##";;1760;http://www.kengurubags.ru/files/tmpUploadImage/0302033142_small.jpg;	
http://www.kengurubags.ru/catalog/gRZH-663-2bezhgol_ryukzak;"рюкзак гРЖ-663-2бежгол##";;1760;http://www.kengurubags.ru/files/tmpUploadImage/0302033006_small.jpg;	
http://www.kengurubags.ru/catalog/gRZH-663-1fiolizumr_ryukzak;"рюкзак гРЖ-663-1фиолизумр##";;1760;http://www.kengurubags.ru/files/tmpUploadImage/0302033069_small.jpg;	
http://www.kengurubags.ru/catalog/gRZH-662-1ser_ryukzak;"рюкзак гРЖ-662-1сер##";;1760;http://www.kengurubags.ru/files/tmpUploadImage/0302033184_small.jpg;	
http://www.kengurubags.ru/catalog/gRZH-662-1liloviy_ryukzak;"рюкзак гРЖ-662-1лиловый##";;1760;http://www.kengurubags.ru/files/tmpUploadImage/0302033136_small.jpg;	
http://www.kengurubags.ru/catalog/gRZH-662-1_ryukzak;"рюкзак гРЖ-662-1##";;1760;http://www.kengurubags.ru/files/tmpUploadImage/0302033137_small.jpg;	
http://www.kengurubags.ru/catalog/gRZH-661-1sergol_ryukzak;"рюкзак гРЖ-661-1сергол##";;1475;http://www.kengurubags.ru/files/tmpUploadImage/0302033140_small.jpg;	
http://www.kengurubags.ru/catalog/gRZH-661-1birroz_ryukzak;"рюкзак гРЖ-661-1бирроз##";;1475;http://www.kengurubags.ru/files/tmpUploadImage/0302033062_small.jpg;	
http://www.kengurubags.ru/catalog/gRZH-660-3sin_ryukzak;"рюкзак гРЖ-660-3син##";;1815;http://www.kengurubags.ru/files/tmpUploadImage/0302033134_small.jpg;	
http://www.kengurubags.ru/catalog/gRZH-660-3birser_ryukzak;"рюкзак гРЖ-660-3бирсер##";;1815;http://www.kengurubags.ru/files/tmpUploadImage/0302033117_small.jpg;	
http://www.kengurubags.ru/catalog/gRZH-660-2fuksiya_ryukzak;"рюкзак гРЖ-660-2фуксия##";;1815;http://www.kengurubags.ru/files/tmpUploadImage/0302033131_small.jpg;	
http://www.kengurubags.ru/catalog/gRZH-660-2liloviy_ryukzak;"рюкзак гРЖ-660-2лиловый##";;1815;http://www.kengurubags.ru/files/tmpUploadImage/0302033066_small.jpg;	
http://www.kengurubags.ru/catalog/gRZH-660-2gol_ryukzak;"рюкзак гРЖ-660-2гол##";;1815;http://www.kengurubags.ru/files/tmpUploadImage/0302033133_small.jpg;	
http://www.kengurubags.ru/catalog/gRZH-660-2bezh_ryukzak;"рюкзак гРЖ-660-2беж##";;1815;http://www.kengurubags.ru/files/tmpUploadImage/0302033132_small.jpg;	
http://www.kengurubags.ru/catalog/gRZH-660-1cherroz_ryukzak;"рюкзак гРЖ-660-1черроз##";;1815;http://www.kengurubags.ru/files/tmpUploadImage/0302033115_small.jpg;	
http://www.kengurubags.ru/catalog/gRZH-660-1fiolzhel_ryukzak;"рюкзак гРЖ-660-1фиолжел##";;1815;http://www.kengurubags.ru/files/tmpUploadImage/0302033112_small.jpg;	
http://www.kengurubags.ru/catalog/gRZH-660-1fiolgol_ryukzak302033113;"рюкзак гРЖ-660-1фиолгол##";;1815;http://www.kengurubags.ru/files/tmpUploadImage/0302033113_small.jpg;	
http://www.kengurubags.ru/catalog/gRZH-660-1bezhgol_ryukzak;"рюкзак гРЖ-660-1бежгол##";;1815;http://www.kengurubags.ru/files/tmpUploadImage/0302033114_small.jpg;	
http://www.kengurubags.ru/catalog/gRZH-658-1fiolor_ryukzak;"рюкзак гРЖ-658-1фиолор##";;886;http://www.kengurubags.ru/files/tmpUploadImage/0302032989_small.jpg;	
http://www.kengurubags.ru/catalog/gRZH-658-1fiolbir_ryukzak;"рюкзак гРЖ-658-1фиолбир##";;886;http://www.kengurubags.ru/files/tmpUploadImage/0302032988_small.jpg;	
http://www.kengurubags.ru/catalog/gRZH-658-1rozbir_ryukzak;"рюкзак гРЖ-658-1розбир##";;886;http://www.kengurubags.ru/files/tmpUploadImage/0302032935_small.jpg;	
http://www.kengurubags.ru/catalog/gRZH-657-2ohra_ryukzak;"рюкзак гРЖ-657-2охра##";;1693;http://www.kengurubags.ru/files/tmpUploadImage/0302032823_small.jpg;	
http://www.kengurubags.ru/catalog/gRZH-657-1bir_ryukzak;"рюкзак гРЖ-657-1бир##";;1693;http://www.kengurubags.ru/files/tmpUploadImage/0302032985_small.jpg;	
http://www.kengurubags.ru/catalog/gRZH-657-1bezh_ryukzak;"рюкзак гРЖ-657-1беж##";;1693;http://www.kengurubags.ru/files/tmpUploadImage/0302032821_small.jpg;	
http://www.kengurubags.ru/catalog/gRD-659-1fuksiya_ryukzak_molodezhniy;"рюкзак молодежный гРД-659-1фуксия##";;1475;http://www.kengurubags.ru/files/tmpUploadImage/0302032475_small.jpg;	
http://www.kengurubags.ru/catalog/gRD-659-1roz_ryukzak_molodezhniy;"рюкзак молодежный гРД-659-1роз##";;1475;http://www.kengurubags.ru/files/tmpUploadImage/0302032474_small.jpg;	
http://www.kengurubags.ru/catalog/gRD-659-1_ryukzak_molodezhniy;"рюкзак молодежный гРД-659-1##";;1475;http://www.kengurubags.ru/files/tmpUploadImage/0302032473_small.jpg;	
http://www.kengurubags.ru/catalog/gRD-646-3t.zel_kamuflyazh_ryukzak;"рюкзак гРД-646-3т.зел камуфляж##";;965;http://www.kengurubags.ru/files/tmpUploadImage/0302032611_small.jpg;	
http://www.kengurubags.ru/catalog/gRD-646-3graffiti_ryukzak;"рюкзак гРД-646-3граффити##";;965;http://www.kengurubags.ru/files/tmpUploadImage/0302032609_small.jpg;	
http://www.kengurubags.ru/catalog/gRD-646-1roz_ryukzak;"рюкзак гРД-646-1роз##";;965;http://www.kengurubags.ru/files/tmpUploadImage/0302032606_small.jpg;	
http://www.kengurubags.ru/catalog/gRD-644-2salat_ryukzak;"рюкзак гРД-644-2салат##";;897;http://www.kengurubags.ru/files/tmpUploadImage/0302032604_small.jpg;	
http://www.kengurubags.ru/catalog/gRD-644-2biryuza_ryukzak;"рюкзак гРД-644-2бирюза##";;897;http://www.kengurubags.ru/files/tmpUploadImage/0302032605_small.jpg;	
http://www.kengurubags.ru/catalog/gRD-640-2cherser_ryukzak;"рюкзак гРД-640-2черсер##";;1693;http://www.kengurubags.ru/files/tmpUploadImage/0302032669_small.jpg;	
http://www.kengurubags.ru/catalog/gRD-640-2cherroz_ryukzak;"рюкзак гРД-640-2черроз##";;1693;http://www.kengurubags.ru/files/tmpUploadImage/0302032667_small.jpg;	
http://www.kengurubags.ru/catalog/gRD-640-1cherser_ryukzak;"рюкзак гРД-640-1черсер##";;1806;http://www.kengurubags.ru/files/tmpUploadImage/0302032664_small.jpg;	
http://www.kengurubags.ru/catalog/gRD-640-1cherroz_ryukzak;"рюкзак гРД-640-1черроз##";;1806;http://www.kengurubags.ru/files/tmpUploadImage/0302032666_small.jpg;	
http://www.kengurubags.ru/catalog/gRD-637-1zebra_ryukzak_molodezhniy;"рюкзак молодежный гРД-637-1зебра##";;1794;http://www.kengurubags.ru/files/tmpUploadImage/0302033004_small.jpg;	
http://www.kengurubags.ru/catalog/gRD-636-1fiollavanda_ryukzak_molodezhniy;"рюкзак молодежный гРД-636-1фиоллаванда##";;1806;http://www.kengurubags.ru/files/tmpUploadImage/0302032933_small.jpg;	
http://www.kengurubags.ru/catalog/gRD-636-1korsal_ryukzak_molodezhniy;"рюкзак молодежный гРД-636-1корсал##";;1806;http://www.kengurubags.ru/files/tmpUploadImage/0302032931_small.jpg;	
http://www.kengurubags.ru/catalog/gRD-635-2cheror_ryukzak_molodezhniy;"рюкзак молодежный гРД-635-2черор##";;1726;http://www.kengurubags.ru/files/tmpUploadImage/0302032802_small.jpg;	
http://www.kengurubags.ru/catalog/gRD-635-2korsalat_ryukzak_molodezhniy;"рюкзак молодежный гРД-635-2корсалат##";;1726;http://www.kengurubags.ru/files/tmpUploadImage/0302032803_small.jpg;	
http://www.kengurubags.ru/catalog/gRD-635-1cheror_ryukzak_molodezhniy;"рюкзак молодежный гРД-635-1черор##";;1726;http://www.kengurubags.ru/files/tmpUploadImage/0302032800_small.jpg;	
http://www.kengurubags.ru/catalog/gRD-635-1cherbezh_ryukzak_molodezhniy;"рюкзак молодежный гРД-635-1чербеж##";;1726;http://www.kengurubags.ru/files/tmpUploadImage/0302033100_small.jpg;	
http://www.kengurubags.ru/catalog/gRD-635-1korsal_ryukzak_molodezhniy;"рюкзак молодежный гРД-635-1корсал##";;1726;http://www.kengurubags.ru/files/tmpUploadImage/0302033139_small.jpg;	
http://www.kengurubags.ru/catalog/gRD-635-1biror_ryukzak_molodezhniy;"рюкзак молодежный гРД-635-1бирор##";;1726;http://www.kengurubags.ru/files/tmpUploadImage/0302032801_small.jpg;	
http://www.kengurubags.ru/catalog/gRD-621-1fiol.kletka_ryukzak;"рюкзак гРД-621-1фиол.клетка##";;1578;http://www.kengurubags.ru/files/tmpUploadImage/0302032771_small.jpg;	
http://www.kengurubags.ru/catalog/gRD-621-1kruzheva_fuksiya_ryukzak;"рюкзак гРД-621-1кружева фуксия##";;1578;http://www.kengurubags.ru/files/tmpUploadImage/0302032770_small.jpg;	
http://www.kengurubags.ru/catalog/gRD-621-1bol.gorohi_ryukzak;"рюкзак гРД-621-1бол.горохи##";;1578;http://www.kengurubags.ru/files/tmpUploadImage/0302032769_small.jpg;	
http://www.kengurubags.ru/catalog/gRD-537-1fuksiya_ryukzak_molodezhniy;"рюкзак молодежный гРД-537-1фуксия##";;1507;http://www.kengurubags.ru/files/tmpUploadImage/0302031935_small.jpg;	
http://www.kengurubags.ru/catalog/gRD-534-2haki_ryukzak_molodezhniy;"рюкзак молодежный гРД-534-2хаки##";;1806;http://www.kengurubags.ru/files/tmpUploadImage/0302032022_small.jpg;	
http://www.kengurubags.ru/catalog/gRD-533-1haki_ryukzak;"рюкзак гРД-533-1хаки##";;1840;http://www.kengurubags.ru/files/tmpUploadImage/0302032274_small.jpg;	
http://www.kengurubags.ru/catalog/gRD-531-1cher_ryukzak_molodezhniy;"рюкзак молодежный гРД-531-1чер##";;1453;http://www.kengurubags.ru/files/tmpUploadImage/0302032058_small.jpg;	
http://www.kengurubags.ru/catalog/gRD-525-1ser_ryukzak_molodezhniy;"рюкзак молодежный гРД-525-1сер##";;1426;http://www.kengurubags.ru/files/tmpUploadImage/0302032001_small.jpg;	
http://www.kengurubags.ru/catalog/gRD-524-21krugi_fiol.bir_ryukzak_molodezhniy;"рюкзак молодежный гРД-524-21круги фиол.бир##";;887;http://www.kengurubags.ru/files/tmpUploadImage/0302033001_small.jpg;	
http://www.kengurubags.ru/catalog/gRD-524-21kletka_fuksiya_ryukzak_molodezhniy;"рюкзак молодежный гРД-524-21клетка фуксия##";;887;http://www.kengurubags.ru/files/tmpUploadImage/0302033002_small.jpg;	
http://www.kengurubags.ru/catalog/gRD-524-21zvezdi_serbir_ryukzak_molodezhniy;"рюкзак молодежный гРД-524-21звезды сербир##";;887;http://www.kengurubags.ru/files/tmpUploadImage/0302033000_small.jpg;	
http://www.kengurubags.ru/catalog/gRD-521-1Purple_cross_ryukzak_molodezhniy;"рюкзак молодежный гРД-521-1Purple cross##";;1578;http://www.kengurubags.ru/files/tmpUploadImage/0302031976_small.jpg;	
http://www.kengurubags.ru/catalog/gRD-521-1Pink_Flowers_ryukzak_molodezhniy;"рюкзак молодежный гРД-521-1Pink Flowers##";;1578;http://www.kengurubags.ru/files/tmpUploadImage/0302031975_small.jpg;	
http://www.kengurubags.ru/catalog/gRD-521-1Butterflies_ryukzak_molodezhniy;"рюкзак молодежный гРД-521-1Butterflies##";;1578;http://www.kengurubags.ru/files/tmpUploadImage/0302031974_small.jpg;	
http://www.kengurubags.ru/catalog/gRD-520-1cherroz_ryukzak_molodezhniy;"рюкзак молодежный гРД-520-1черроз##";;1629;http://www.kengurubags.ru/files/tmpUploadImage/0302031964_small.jpg;	
http://www.kengurubags.ru/catalog/gRD-520-1fiolfuksiya_ryukzak_molodezhniy;"рюкзак молодежный гРД-520-1фиолфуксия##";;1629;http://www.kengurubags.ru/files/tmpUploadImage/0302031966_small.jpg;	
http://www.kengurubags.ru/catalog/gRD-520-1fiolbir_ryukzak_molodezhniy;"рюкзак молодежный гРД-520-1фиолбир##";;1629;http://www.kengurubags.ru/files/tmpUploadImage/0302031967_small.jpg;	
http://www.kengurubags.ru/catalog/gRD-520-1t.serroz_ryukzak_molodezhniy;"рюкзак молодежный гРД-520-1т.серроз##";;1629;http://www.kengurubags.ru/files/tmpUploadImage/0302031965_small.jpg;	
http://www.kengurubags.ru/catalog/gRD-418-1bezh_Ryukzak;"Рюкзак гРД-418-1беж##";;1067;http://www.kengurubags.ru/files/tmpUploadImage/0302031910_small.jpg;	
http://www.kengurubags.ru/catalog/gRB-632-3cherser_ryukzak;"рюкзак гРБ-632-3черсер##";;1693;http://www.kengurubags.ru/files/tmpUploadImage/0302032877_small.jpg;	
http://www.kengurubags.ru/catalog/gRB-632-2cherser_ryukzak;"рюкзак гРБ-632-2черсер##";;1693;http://www.kengurubags.ru/files/tmpUploadImage/0302032875_small.jpg;	
http://www.kengurubags.ru/catalog/gRB-632-2t.hakibolot_ryukzak;"рюкзак гРБ-632-2т.хакиболот##";;1693;http://www.kengurubags.ru/files/tmpUploadImage/0302032999_small.jpg;	
http://www.kengurubags.ru/catalog/gRB-632-2korhaki_ryukzak;"рюкзак гРБ-632-2корхаки##";;1693;http://www.kengurubags.ru/files/tmpUploadImage/0302032876_small.jpg;	
http://www.kengurubags.ru/catalog/gRB-632-1cherser_ryukzak;"рюкзак гРБ-632-1черсер##";;1693;http://www.kengurubags.ru/files/tmpUploadImage/0302033041_small.jpg;	
http://www.kengurubags.ru/catalog/gRB-632-1korsal_ryukzak;"рюкзак гРБ-632-1корсал##";;1693;http://www.kengurubags.ru/files/tmpUploadImage/0302033040_small.jpg;	
http://www.kengurubags.ru/catalog/gRB-632-1korbezh_ryukzak;"рюкзак гРБ-632-1корбеж##";;1693;http://www.kengurubags.ru/files/tmpUploadImage/0302033074_small.jpg;	
http://www.kengurubags.ru/catalog/gRB-631-2cher_ryukzak;"рюкзак гРБ-631-2чер##";;1919;http://www.kengurubags.ru/files/tmpUploadImage/0302032927_small.jpg;	
http://www.kengurubags.ru/catalog/gRB-631-1cherser_ryukzak;"рюкзак гРБ-631-1черсер##";;1919;http://www.kengurubags.ru/files/tmpUploadImage/0302032926_small.jpg;	
http://www.kengurubags.ru/catalog/gRB-631-1chersal_ryukzak;"рюкзак гРБ-631-1черсал##";;1919;http://www.kengurubags.ru/files/tmpUploadImage/0302032924_small.jpg;	
http://www.kengurubags.ru/catalog/gRb-631-1cheror_ryukzak;"рюкзак гРб-631-1черор##";;1919;http://www.kengurubags.ru/files/tmpUploadImage/0302032925_small.jpg;	
http://www.kengurubags.ru/catalog/gRB-629-2cheror_ryukzak_molodezhniy;"рюкзак молодежный гРБ-629-2черор##";;1761;http://www.kengurubags.ru/files/tmpUploadImage/0302033164_small.jpg;	
http://www.kengurubags.ru/catalog/gRB-629-2cherkr_ryukzak_molodezhniy;"рюкзак молодежный гРБ-629-2черкр##";;1761;http://www.kengurubags.ru/files/tmpUploadImage/0302033163_small.jpg;	
http://www.kengurubags.ru/catalog/gRB-627-1cherser_ryukzak;"рюкзак гРБ-627-1черсер##";;1806;http://www.kengurubags.ru/files/tmpUploadImage/0302033110_small.jpg;	
http://www.kengurubags.ru/catalog/gRB-626-1cher_ryukzak_molodezhniy;"рюкзак молодежный гРБ-626-1чер##";;1806;http://www.kengurubags.ru/files/tmpUploadImage/0302033161_small.jpg;	
http://www.kengurubags.ru/catalog/gRB-626-1sin_ryukzak_molodezhniy;"рюкзак молодежный гРБ-626-1син##";;1806;http://www.kengurubags.ru/files/tmpUploadImage/0302033162_small.jpg;	
http://www.kengurubags.ru/catalog/609v__Ryukzak;"Рюкзак 609";;1249;http://www.kengurubags.ru/kenguruimages/15/15-2-2/tr609_s465.jpg;	
http://www.kengurubags.ru/catalog/390v_Ryukzak;"Рюкзак 390";;927;http://www.kengurubags.ru/kenguruimages/15/15-2-2/Tr390_s1648.jpg;	
http://www.kengurubags.ru/catalog/609Av__Ryukzak;"Рюкзак 609А";;1249;http://www.kengurubags.ru/kenguruimages/15/15-2-2/Tr609a_s9651.jpg;	
http://www.kengurubags.ru/catalog/363v_Ryukzak;"Рюкзак 363";;995;http://www.kengurubags.ru/kenguruimages/15/15-2/363__s5966.jpg;	
http://www.kengurubags.ru/catalog/612v__Ryukzak;"Рюкзак 612";;1238;http://www.kengurubags.ru/kenguruimages/15/15-2-2/612__s9058.jpg;	
http://www.kengurubags.ru/catalog/399__Ryukzak;"Рюкзак 399";;1069;http://www.kengurubags.ru/kenguruimages/15/15-2-2/399-boy_s.jpg;	
http://www.kengurubags.ru/catalog/393_ORT_DEVOCHKIv_Ryukzak;"Рюкзак ортопедический 393 ОРТДевочки";;1204;http://www.kengurubags.ru/kenguruimages/15/15-2-2/Tr393ORT_girl_s.jpg;	
http://www.kengurubags.ru/catalog/385v_Ryukzak;"Рюкзак 385";;1019;http://www.kengurubags.ru/kenguruimages/15/15-2-2/385devochka_s6521.jpg;	
http://www.kengurubags.ru/catalog/361v_Ryukzak;"Рюкзак 361";;1069;http://www.kengurubags.ru/kenguruimages/15/15-2-2/TR361_s4292.jpg;	
http://www.kengurubags.ru/catalog/271Av__Ryukzak;"Рюкзак 271А";;1070;http://www.kengurubags.ru/kenguruimages/15/15-2-2/271a_s.jpg;	
http://www.kengurubags.ru/catalog/236v__Ryukzak;"Рюкзак 236";;1019;http://www.kengurubags.ru/kenguruimages/15/15-2-2/TR236_s6046.jpg;	
http://www.kengurubags.ru/catalog/256v__Ryukzak;"Рюкзак 256";;547;http://www.kengurubags.ru/kenguruimages/15/15-2-2/Tr256_boy_s1693.jpg;	
http://www.kengurubags.ru/catalog/330v_Ryukzak;"Рюкзак 330";;1019;http://www.kengurubags.ru/kenguruimages/15/15-2-2/k-330_s3132.jpg;	
http://www.kengurubags.ru/catalog/611v__Ryukzak;"Рюкзак 611";;1125;http://www.kengurubags.ru/kenguruimages/15/15-2-2/k1-611_s5688.jpg;	
http://www.kengurubags.ru/catalog/374Av__Ryukzak;"Рюкзак 374А";;1069;http://www.kengurubags.ru/kenguruimages/15/15-2/Tr374A_s347.jpg;	
http://www.kengurubags.ru/catalog/388v_Ryukzak;"Рюкзак 388";;1238;http://www.kengurubags.ru/kenguruimages/15/15-2-2/TR388_s8954.jpg;	
http://www.kengurubags.ru/catalog/387v_Ryukzak;"Рюкзак 387";;866;http://www.kengurubags.ru/kenguruimages/15/15-2-2/Tr387_s2034.jpg;	
http://www.kengurubags.ru/catalog/364v_Ryukzak;"Рюкзак 364";;1069;http://www.kengurubags.ru/kenguruimages/15/15-2-2/364girls_s4679.jpg;	
http://www.kengurubags.ru/catalog/369v_Ryukzak;"Рюкзак 369";;1238;http://www.kengurubags.ru/kenguruimages/15/15-2-2/369-_s3876.jpg;	
http://www.kengurubags.ru/catalog/206v_Ryukzak;"Рюкзак 206";;1125;http://www.kengurubags.ru/kenguruimages/15/15-2-2/tr206_s6606.jpg;	
http://www.kengurubags.ru/catalog/185v__Ryukzak;"Рюкзак 185";;1019;http://www.kengurubags.ru/kenguruimages/15/15-2-2/185_s6641.jpg;	
http://www.kengurubags.ru/catalog/354v_Ryukzak;"Рюкзак 354";;1019;http://www.kengurubags.ru/kenguruimages/15/15-2-2/354_s.jpg;	
http://www.kengurubags.ru/catalog/393A_ORT_DEVOCHKIv_Ryukzak;"Рюкзак ортопедический 393А ОРТ Девочки";;973;http://www.kengurubags.ru/kenguruimages/15/15-2-2/393AOPT_girls_s6191.jpg;	
http://www.kengurubags.ru/catalog/205v__Ryukzak;"Рюкзак 205 Девочка";;1125;http://www.kengurubags.ru/kenguruimages/15/15-2-2/Tr205_girls_s7859.jpg;	
http://www.kengurubags.ru/catalog/389v_Ryukzak;"Рюкзак 389";;1019;http://www.kengurubags.ru/kenguruimages/15/15-2/k-389_s.jpg;	
http://www.kengurubags.ru/catalog/373v__Ryukzak;"Рюкзак 373";;1069;http://www.kengurubags.ru/kenguruimages/15/15-2-2/373_s8514.jpg;	
http://www.kengurubags.ru/catalog/606v__Ryukzak;"Рюкзак 606";;1066;http://www.kengurubags.ru/kenguruimages/15/15-2/606_s1196.jpg;	
http://www.kengurubags.ru/catalog/392v_Ryukzak;"Рюкзак 392";;1090;http://www.kengurubags.ru/kenguruimages/15/15-2/k-392_s6592.jpg;	
http://www.kengurubags.ru/catalog/373Bv__Ryukzak;"Рюкзак 373Б";;1069;http://www.kengurubags.ru/kenguruimages/15/15-2-2/373-b_s1657.jpg;	
http://www.kengurubags.ru/catalog/332Av_Ryukzak;"Рюкзак 332А";;927;http://www.kengurubags.ru/kenguruimages/15/15-2/k-332a_s8947.jpg;	
http://www.kengurubags.ru/catalog/214v_Ryukzak;"Рюкзак 214";;591;http://www.kengurubags.ru/kenguruimages/15/15-2-2/214_s4232.jpg;	
http://www.kengurubags.ru/catalog/207_Malchikv_Ryukzak;"Рюкзак 207 Мальчик";;1030;http://www.kengurubags.ru/kenguruimages/15/15-2-2/207_boy_s3465.jpg;	
http://www.kengurubags.ru/catalog/610v__Ryukzak;"Рюкзак 610";;1220;http://www.kengurubags.ru/kenguruimages/15/15-2-2/610_s.jpg;	
http://www.kengurubags.ru/catalog/271v__Ryukzak;"Рюкзак 271";;1070;http://www.kengurubags.ru/kenguruimages/15/15-2-2/271_s.jpg;	
http://www.kengurubags.ru/catalog/257v__Ryukzak;"Рюкзак 257";;1094;http://www.kengurubags.ru/kenguruimages/15/15-2-2/Tr257_s4777.jpg;	
http://www.kengurubags.ru/catalog/602v__Ryukzak;"Рюкзак 602";;1081;http://www.kengurubags.ru/kenguruimages/15/15-2-2/Tr602_s9504.jpg;	
http://www.kengurubags.ru/catalog/379v__Ryukzak;"Рюкзак 379";;541;http://www.kengurubags.ru/kenguruimages/15/15-2/379_s4001.jpg;	
http://www.kengurubags.ru/catalog/373Av__Ryukzak;"Рюкзак 373А";;1069;http://www.kengurubags.ru/kenguruimages/15/15-2-2/Tr373a_s5761.jpg;	
http://www.kengurubags.ru/catalog/348_Krasniyv_Ryukzak;"Рюкзак 348 Красный";;995;"http://www.kengurubags.ru/kenguruimages/15/15-2-2/348 red_s1194.jpg";	
http://www.kengurubags.ru/catalog/215v_Ryukzak;"Рюкзак 215";;706;http://www.kengurubags.ru/kenguruimages/15/15-2-2/tr215_s.jpg;	
http://www.kengurubags.ru/catalog/209Av_Ryukzak;"Рюкзак 209А";;1070;http://www.kengurubags.ru/kenguruimages/15/15-2/209A_s5664.jpg;	
http://www.kengurubags.ru/catalog/203v__Ryukzak;"Рюкзак 203";;1235;http://www.kengurubags.ru/kenguruimages/15/15-2-2/203_s4913.jpg;	
http://www.kengurubags.ru/catalog/a5-1254-1078ps_Ryukzak_ribi;"Рюкзак а5-1254-1078 рыбы";;911;http://www.kengurubags.ru/kenguruimages/15/15-2-2/a5-1254-1078_s1697.jpg;	
http://www.kengurubags.ru/catalog/a5-650_Ryukzak;"Рюкзак а5-650##";;1614;http://www.kengurubags.ru/files/tmpUploadImage/0302030111_small.jpg;	
http://www.kengurubags.ru/catalog/a5-648_Ryukzak;"Рюкзак а5-648##";;1634;http://www.kengurubags.ru/files/tmpUploadImage/0302030110_small.jpg;	
http://www.kengurubags.ru/catalog/a5-647_Ryukzak;"Рюкзак а5-647##";;1646;http://www.kengurubags.ru/files/tmpUploadImage/0302030106_small.jpg;	
http://www.kengurubags.ru/catalog/a5-630chser_Ryukzak;"Рюкзак а5-630ч/сер##";;1621;http://www.kengurubags.ru/files/tmpUploadImage/0302031136_small.jpg;	
http://www.kengurubags.ru/catalog/a5-6291chern-golub_a5-6291chern-golub;"а5-6291черн-голуб а5-6291черн-голуб##";;1844;http://www.kengurubags.ru/files/tmpUploadImage/0302032911_small.jpg;	
http://www.kengurubags.ru/catalog/a5-627chern-sin_ryukzak;"рюкзак а5-627черн-син##";;1635;http://www.kengurubags.ru/files/tmpUploadImage/0302032320_small.jpg;	
http://www.kengurubags.ru/catalog/a5-627chkrasn_Ryukzak;"Рюкзак а5-627ч/красн##";;1556;http://www.kengurubags.ru/files/tmpUploadImage/0302031499_small.jpg;	
http://www.kengurubags.ru/catalog/a5-6271chern-krasn_ryukzak;"рюкзак а5-6271черн-красн##";;1799;http://www.kengurubags.ru/files/tmpUploadImage/0302032837_small.jpg;	
http://www.kengurubags.ru/catalog/a5-627_Ryukzak;"Рюкзак а5-627##";;1556;http://www.kengurubags.ru/files/tmpUploadImage/0302030098_small.jpg;	
http://www.kengurubags.ru/catalog/a5-5951chern-sv.ser_ryukzak;"рюкзак а5-5951черн-св.сер##";;1734;http://www.kengurubags.ru/files/tmpUploadImage/0302032267_small.jpg;	
http://www.kengurubags.ru/catalog/a5-590chsin_Ryukzak;"Рюкзак а5-590ч/син##";;1600;http://www.kengurubags.ru/files/tmpUploadImage/0302031123_small.jpg;	
http://www.kengurubags.ru/catalog/a5-5901chern-sv.ser_ryukzak;"рюкзак а5-5901черн-св.сер##";;1938;http://www.kengurubags.ru/files/tmpUploadImage/0302032910_small.jpg;	
http://www.kengurubags.ru/catalog/a5-1356_ryukzak;"рюкзак а5-1356##";;1949;http://www.kengurubags.ru/files/tmpUploadImage/0302032445_small.jpg;	
http://www.kengurubags.ru/catalog/a5-1334_ryukzak;"рюкзак а5-1334##";;2271;http://www.kengurubags.ru/files/tmpUploadImage/0302032484_small.jpg;	
http://www.kengurubags.ru/catalog/a5-1331_ryukzak;"рюкзак а5-1331##";;2021;http://www.kengurubags.ru/files/tmpUploadImage/0302032765_small.jpg;	
http://www.kengurubags.ru/catalog/a5-1316_Ryukzak_Drive;"Рюкзак Drive а5-1316##";;2160;http://www.kengurubags.ru/files/tmpUploadImage/0302032501_small.jpg;	
http://www.kengurubags.ru/catalog/a5-1315_Ryukzak_Drive;"Рюкзак Drive а5-1315##";;1914;http://www.kengurubags.ru/files/tmpUploadImage/0302032498_small.jpg;	
http://www.kengurubags.ru/catalog/a5-1312_ryukzak;"рюкзак а5-1312##";;2270;http://www.kengurubags.ru/files/tmpUploadImage/0302032495_small.jpg;	
http://www.kengurubags.ru/catalog/a5-1310_ryukzak;"рюкзак а5-1310##";;1935;http://www.kengurubags.ru/files/tmpUploadImage/0302032451_small.jpg;	
http://www.kengurubags.ru/catalog/a5-1252-1019Sbordo_Ryukzak;"Рюкзак а5-1252-1019Сбордо##";;969;http://www.kengurubags.ru/files/tmpUploadImage/0302031920_small.jpg;	
http://www.kengurubags.ru/catalog/a5-1198-1302_Ryukzak;"Рюкзак а5-1198-1302##";;1205;http://www.kengurubags.ru/files/tmpUploadImage/0302032140_small.jpg;	
http://www.kengurubags.ru/catalog/a5-1196-1371_ryukzak;"рюкзак а5-1196-1371##";;1444;http://www.kengurubags.ru/files/tmpUploadImage/0302032450_small.jpg;	
http://www.kengurubags.ru/catalog/a5-1196-1355_ryukzak;"рюкзак а5-1196-1355##";;1444;http://www.kengurubags.ru/files/tmpUploadImage/0302032449_small.jpg;	
http://www.kengurubags.ru/catalog/a5-1194-853Skrasn_Ryukzak;"Рюкзак а5-1194-853Скрасн##";;1451;http://www.kengurubags.ru/files/tmpUploadImage/0302031766_small.jpg;	
http://www.kengurubags.ru/catalog/a5-1192-897Ssin_Ryukzak;"Рюкзак а5-1192-897Ссин##";;1320;http://www.kengurubags.ru/files/tmpUploadImage/0302031815_small.jpg;	
http://www.kengurubags.ru/catalog/a5-1192-1350Sroz_ryukzak;"рюкзак а5-1192-1350Сроз##";;1451;http://www.kengurubags.ru/files/tmpUploadImage/0302033105_small.jpg;	
http://www.kengurubags.ru/catalog/a5-1191_ryukzak;"рюкзак а5-1191##";;2146;http://www.kengurubags.ru/files/tmpUploadImage/0302032478_small.jpg;	
http://www.kengurubags.ru/catalog/a5-1179_ryukzak;"рюкзак а5-1179##";;2169;http://www.kengurubags.ru/files/tmpUploadImage/0302032480_small.jpg;	
http://www.kengurubags.ru/catalog/a5-1100-1675S_ryukzak;"рюкзак а5-1100-1675С##";;1457;http://www.kengurubags.ru/files/tmpUploadImage/0302033059_small.jpg;	
http://www.kengurubags.ru/catalog/a5-1100-1613S_ryukzak;"рюкзак а5-1100-1613С##";;1457;http://www.kengurubags.ru/files/tmpUploadImage/0302033058_small.jpg;	
http://www.kengurubags.ru/catalog/a5-1100-1356Sgol_ryukzak;"рюкзак а5-1100-1356Сгол##";;1457;http://www.kengurubags.ru/files/tmpUploadImage/0302032487_small.jpg;	
http://www.kengurubags.ru/catalog/RT6303Ncher_ryukzak_molodezhniy_s_komplektom_PIKSEL-BITOV;"рюкзак молодежный с комплектом ПИКСЕЛЬ-БИТОВ RT63(03N)чер##";;1725;http://www.kengurubags.ru/files/tmpUploadImage/0302032909_small.jpg;	
http://www.kengurubags.ru/catalog/RT6302Nt.kor_ryukzak_molodezhniy_s_komplektom_PIKSEL-BITOV;"рюкзак молодежный с комплектом ПИКСЕЛЬ-БИТОВ RT63(02N)т.кор##";;1725;http://www.kengurubags.ru/files/tmpUploadImage/0302032908_small.jpg;	
http://www.kengurubags.ru/catalog/RT6301Nt.sin_ryukzak_molodezhniy_s_komplektom_PIKSEL-BITOV;"рюкзак молодежный с комплектом ПИКСЕЛЬ-БИТОВ RT63(01N)т.син##";;1725;http://www.kengurubags.ru/files/tmpUploadImage/0302032907_small.jpg;	
http://www.kengurubags.ru/catalog/RK6112Nkr_ryukzak_detskiy_s_komplektom_PIKSEL-BITOV;"рюкзак детский с комплектом ПИКСЕЛЬ-БИТОВ RK61(12N)кр##";;2148;http://www.kengurubags.ru/files/tmpUploadImage/0302032906_small.jpg;	
http://www.kengurubags.ru/catalog/RK6111Nsin_ryukzak_detskiy_s_komplektom_PIKSEL-BITOV;"рюкзак детский с комплектом ПИКСЕЛЬ-БИТОВ RK61(11N)син##";;2148;http://www.kengurubags.ru/files/tmpUploadImage/0302032905_small.jpg;	
http://www.kengurubags.ru/catalog/RK6110Nserser_ryukzak_detskiy_s_komplektom_PIKSEL-BITOV;"рюкзак детский с комплектом ПИКСЕЛЬ-БИТОВ RK61(10N)серсер##";;2148;http://www.kengurubags.ru/files/tmpUploadImage/0302032904_small.jpg;	
http://www.kengurubags.ru/catalog/RK6109Ncherser_ryukzak_detskiy_s_komplektom_PIKSEL-BITOV;"рюкзак детский с комплектом ПИКСЕЛЬ-БИТОВ RK61(09N)черсер##";;2148;http://www.kengurubags.ru/files/tmpUploadImage/0302032903_small.jpg;	
http://www.kengurubags.ru/catalog/RK6108Nsinzel_ryukzak_detskiy_s_komplektom_PIKSEL-BITOV;"рюкзак детский с комплектом ПИКСЕЛЬ-БИТОВ RK61(08N)синзел##";;2148;http://www.kengurubags.ru/files/tmpUploadImage/0302032812_small.jpg;	
http://www.kengurubags.ru/catalog/RK6107Nzelsin_ryukzak_detskiy_s_komplektom_PIKSEL-BITOV;"рюкзак детский с комплектом ПИКСЕЛЬ-БИТОВ RK61(07N)зелсин##";;2148;http://www.kengurubags.ru/files/tmpUploadImage/0302032902_small.jpg;	
http://www.kengurubags.ru/catalog/RK6106Ncherkr_ryukzak_detskiy_s_komplektom_PIKSEL-BITOV;"рюкзак детский с комплектом ПИКСЕЛЬ-БИТОВ RK61(06N)черкр##";;2148;http://www.kengurubags.ru/files/tmpUploadImage/0302032901_small.jpg;	
http://www.kengurubags.ru/catalog/RK6105Nsinkr_ryukzak_detskiy_s_komplektom_PIKSEL-BITOV;"рюкзак детский с комплектом ПИКСЕЛЬ-БИТОВ RK61(05N)синкр##";;2148;http://www.kengurubags.ru/files/tmpUploadImage/0302032900_small.jpg;	
http://www.kengurubags.ru/catalog/RK6104Nkrsiren_ryukzak_detskiy_s_komplektom_PIKSEL-BITOV;"рюкзак детский с комплектом ПИКСЕЛЬ-БИТОВ RK61(04N)крсирен##";;2148;http://www.kengurubags.ru/files/tmpUploadImage/0302032899_small.jpg;	
http://www.kengurubags.ru/catalog/RK6103Nfiolsiren_ryukzak_detskiy_s_komplektom_PIKSEL-BITOV;"рюкзак детский с комплектом ПИКСЕЛЬ-БИТОВ RK61(03N)фиолсирен##";;2148;http://www.kengurubags.ru/files/tmpUploadImage/0302032811_small.jpg;	
http://www.kengurubags.ru/catalog/RK6102Nserroz_ryukzak_detskiy_s_komplektom_PIKSEL-BITOV;"рюкзак детский с комплектом ПИКСЕЛЬ-БИТОВ RK61(02N)серроз##";;2148;http://www.kengurubags.ru/files/tmpUploadImage/0302032898_small.jpg;	
http://www.kengurubags.ru/catalog/RK6101Nfiolroz_ryukzak_detskiy_s_komplektom_PIKSEL-BITOV;"рюкзак детский с комплектом ПИКСЕЛЬ-БИТОВ RK61(01N)фиолроз##";;2148;http://www.kengurubags.ru/files/tmpUploadImage/0302032897_small.jpg;	
http://www.kengurubags.ru/catalog/RK6105Nsinkrasn_Ryukzak;"Рюкзак RK61(05N)синкрасн с комплектом ПИКСЕЛЬ";;2148;http://www.kengurubags.ru/kenguruimages/15/15-2/61-05_s8209.jpg;	
http://www.kengurubags.ru/catalog/gRZH-663-2fiolbir_ryukzak;"рюкзак гРЖ-663-2фиолбир##";;1760;http://www.kengurubags.ru/files/tmpUploadImage/0302033185_small.jpg;	
http://www.kengurubags.ru/catalog/gRB-629-2sersal_ryukzak;"рюкзак гРБ-629-2серсал##";;1761;http://www.kengurubags.ru/files/tmpUploadImage/0302033182_small.jpg;	
http://www.kengurubags.ru/catalog/a5-1309kvadrati_ryukzak;"рюкзак а5-1309квадраты##";;1556;http://www.kengurubags.ru/files/tmpUploadImage/0302032442_small.jpg;	